{
  "project_info": {
    "project_number": "497430483826",
    "firebase_url": "https://tempmeter-9b7fa.firebaseio.com",
    "project_id": "tempmeter-9b7fa",
    "storage_bucket": "tempmeter-9b7fa.appspot.com"
  },
  "client": [
    {
      "client_info": {
        "mobilesdk_app_id": "1:497430483826:android:84b88b7c1bb2d2d6",
        "android_client_info": {
          "package_name": "com.example.tempmeter"
        }
      },
      "oauth_client": [
        {
          "client_id": "497430483826-863p2pjo9178cb5up6u54sacuvc8n55v.apps.googleusercontent.com",
          "client_type": 3
        }
      ],
      "api_key": [
        {
          "current_key": "AIzaSyCEGP_1fOPIfaO2brniLyDf4UWlaEUYjJg"
        }
      ],
      "services": {
        "analytics_service": {
          "status": 1
        },
        "appinvite_service": {
          "status": 1,
          "other_platform_oauth_client": []
        },
        "ads_service": {
          "status": 2
        }
      }
    }
  ],
  "configuration_version": "1"
}